,Referencia,Fecha Alta,Tipo,Operación,Provincia,Superficie,Precio Venta,Fecha Venta,Vendedor
1,2,01/01/2004,Local,Venta,Girona,185.0,1945424.0,19/04/2004,Pedro
2,3,01/01/2004,Oficina,Alquiler,Girona,82.0,,08/11/2004,Joaquín
3,4,02/01/2004,Parking,Alquiler,Girona,285.0,,27/04/2004,Jesús
5,6,03/01/2004,Industrial,Alquiler,Girona,131.0,953156.0,05/09/2004,Pedro
7,8,03/01/2004,Oficina,Venta,Girona,235.0,2158475.0,31/10/2004,Jesús
10,11,04/01/2004,Oficina,Alquiler,Girona,124.0,627068.0,28/10/2004,Pedro
11,12,04/01/2004,Industrial,Venta,Girona,187.0,999328.0,05/04/2004,Carmen
14,15,04/01/2004,Industrial,Alquiler,Girona,176.0,820336.0,29/11/2004,Pedro
15,16,05/01/2004,Casa,Alquiler,Girona,179.0,937960.0,21/11/2004,Carmen
18,19,07/01/2004,Piso,Alquiler,Girona,55.0,472615.0,09/04/2004,Luisa
22,23,10/01/2004,Casa,Alquiler,Girona,183.0,1438929.0,21/04/2004,Luisa
31,32,13/01/2004,Casa,Alquiler,Girona,92.0,627348.0,12/04/2004,María
36,37,16/01/2004,Local,Venta,Girona,229.0,1160572.0,09/07/2004,Pedro
39,40,18/01/2004,Oficina,Venta,Girona,182.0,1057784.0,22/07/2004,Jesús
42,43,19/01/2004,Oficina,Alquiler,Girona,74.0,579716.0,22/09/2004,María
43,44,19/01/2004,Casa,Venta,Girona,278.0,1537062.0,16/12/2004,María
48,49,20/01/2004,Local,Venta,Girona,40.0,321680.0,11/01/2005,Jesús
54,55,22/01/2004,Local,Venta,Girona,127.0,983234.0,09/07/2004,Carmen
57,58,24/01/2004,Local,Alquiler,Girona,274.0,2287626.0,21/12/2004,María
68,69,27/01/2004,Local,Venta,Girona,248.0,2212408.0,09/10/2004,María
70,71,28/01/2004,Casa,Venta,Girona,235.0,1939925.0,01/11/2004,Carmen
73,74,29/01/2004,Industrial,Venta,Girona,229.0,1098055.0,22/10/2004,Joaquín
81,82,02/02/2004,Parking,Venta,Girona,117.0,1069731.0,14/09/2004,Pedro
85,86,03/02/2004,Piso,Venta,Girona,275.0,2141700.0,08/01/2005,Jesús
89,90,04/02/2004,Suelo,Venta,Girona,292.0,2685816.0,24/07/2004,Pedro
98,99,07/02/2004,Industrial,Alquiler,Girona,251.0,2067236.0,22/12/2004,María
100,101,08/02/2004,Suelo,Alquiler,Girona,162.0,710694.0,27/09/2004,María
102,103,08/02/2004,Casa,Alquiler,Girona,258.0,1188090.0,19/07/2004,María
104,105,10/02/2004,Piso,Alquiler,Girona,238.0,1854496.0,02/02/2005,Luisa
106,107,10/02/2004,Suelo,Alquiler,Girona,222.0,1791318.0,13/12/2004,Jesús
113,114,14/02/2004,Suelo,Venta,Girona,103.0,806799.0,11/01/2005,Joaquín
115,116,15/02/2004,Parking,Venta,Girona,103.0,973659.0,04/01/2005,Jesús
116,117,15/02/2004,Oficina,Venta,Girona,274.0,1724008.0,26/09/2004,Joaquín
117,118,15/02/2004,Oficina,Venta,Girona,253.0,2047276.0,10/09/2004,Luisa
122,123,17/02/2004,Local,Alquiler,Girona,179.0,1461356.0,30/07/2004,Pedro
124,125,19/02/2004,Industrial,Venta,Girona,118.0,1067192.0,25/08/2004,Carmen
137,138,24/02/2004,Industrial,Venta,Girona,88.0,678480.0,28/12/2004,Luisa
144,145,28/02/2004,Piso,Venta,Girona,50.0,315550.0,14/10/2004,Pedro
145,146,28/02/2004,Parking,Venta,Girona,274.0,2028970.0,20/08/2004,Luisa
154,155,03/03/2004,Suelo,Alquiler,Girona,185.0,1403595.0,02/10/2004,Pedro
155,156,03/03/2004,Casa,Venta,Girona,284.0,1561432.0,01/07/2004,Pedro
163,164,05/03/2004,Oficina,Alquiler,Girona,287.0,1395681.0,13/09/2004,Carmen
166,167,06/03/2004,Parking,Venta,Girona,169.0,1370759.0,14/01/2005,Luisa
170,171,08/03/2004,Suelo,Venta,Girona,144.0,1358640.0,13/11/2004,Joaquín
172,173,09/03/2004,Oficina,Venta,Girona,268.0,2400476.0,08/03/2005,Joaquín
182,183,14/03/2004,Local,Alquiler,Girona,231.0,1446522.0,02/09/2004,Carmen
185,186,16/03/2004,Casa,Alquiler,Girona,87.0,779868.0,23/10/2004,Jesús
188,189,17/03/2004,Parking,Venta,Girona,160.0,1261600.0,25/10/2004,Jesús
191,192,18/03/2004,Local,Venta,Girona,56.0,553616.0,09/03/2005,Pedro
193,194,19/03/2004,Local,Alquiler,Girona,117.0,986895.0,14/09/2004,Pedro
194,195,19/03/2004,Piso,Venta,Girona,62.0,250852.0,21/07/2004,Carmen
197,198,21/03/2004,Oficina,Alquiler,Girona,174.0,720882.0,14/08/2004,Pedro
200,201,22/03/2004,Parking,Venta,Girona,247.0,1050985.0,09/11/2004,Pedro
201,202,22/03/2004,Piso,Alquiler,Girona,52.0,298272.0,13/08/2004,María
202,203,22/03/2004,Local,Alquiler,Girona,169.0,902798.0,16/07/2004,Luisa
204,205,23/03/2004,Local,Venta,Girona,274.0,2002392.0,04/12/2004,Luisa
213,214,26/03/2004,Industrial,Venta,Girona,163.0,1385011.0,26/08/2004,Carmen
214,215,27/03/2004,Parking,Alquiler,Girona,214.0,1219158.0,13/07/2004,Pedro
218,219,29/03/2004,Industrial,Alquiler,Girona,46.0,351256.0,28/03/2005,Luisa
221,222,30/03/2004,Local,Alquiler,Girona,82.0,420660.0,02/10/2004,María
222,223,31/03/2004,Suelo,Alquiler,Girona,62.0,489924.0,09/09/2004,Luisa
227,228,01/04/2004,Local,Venta,Girona,211.0,2010619.0,12/11/2004,Jesús
232,233,03/04/2004,Local,Alquiler,Girona,246.0,1362348.0,05/10/2004,Joaquín
233,234,03/04/2004,Suelo,Venta,Girona,230.0,1722700.0,26/03/2005,Carmen
235,236,03/04/2004,Industrial,Venta,Girona,226.0,2104286.0,26/08/2004,Carmen
245,246,09/04/2004,Local,Venta,Girona,287.0,1936102.0,08/04/2005,Jesús
247,248,09/04/2004,Suelo,Alquiler,Girona,136.0,873120.0,26/12/2004,Pedro
253,254,10/04/2004,Piso,Venta,Girona,67.0,379689.0,29/10/2004,Pedro
255,256,10/04/2004,Industrial,Venta,Girona,238.0,1620304.0,05/10/2004,Carmen
266,267,14/04/2004,Casa,Venta,Girona,204.0,1291116.0,27/09/2004,Carmen
267,268,15/04/2004,Industrial,Alquiler,Girona,150.0,968250.0,15/02/2005,María
274,275,16/04/2004,Local,Alquiler,Girona,193.0,1079449.0,20/11/2004,Pedro
275,276,17/04/2004,Oficina,Alquiler,Girona,110.0,1039500.0,17/11/2004,Pedro
277,278,17/04/2004,Suelo,Alquiler,Girona,125.0,853750.0,25/08/2004,Carmen
278,279,18/04/2004,Suelo,Venta,Girona,244.0,1414956.0,26/02/2005,María
280,281,18/04/2004,Oficina,Venta,Girona,258.0,1081278.0,13/04/2005,Carmen
281,282,18/04/2004,Casa,Venta,Girona,285.0,2534505.0,28/12/2004,Jesús
283,284,19/04/2004,Suelo,Alquiler,Girona,262.0,2404898.0,20/10/2004,Luisa
289,290,20/04/2004,Oficina,Alquiler,Girona,227.0,1437818.0,27/03/2005,Jesús
292,293,22/04/2004,Parking,Venta,Girona,82.0,430418.0,09/02/2005,Luisa
293,294,22/04/2004,Oficina,Venta,Girona,86.0,589960.0,18/03/2005,Carmen
294,295,22/04/2004,Oficina,Venta,Girona,133.0,786695.0,21/11/2004,Luisa
296,297,23/04/2004,Suelo,Alquiler,Girona,288.0,2699136.0,28/07/2004,Pedro
298,299,23/04/2004,Industrial,Venta,Girona,45.0,307170.0,16/04/2005,Joaquín
301,302,24/04/2004,Industrial,Alquiler,Girona,211.0,1171894.0,22/03/2005,Pedro
302,303,25/04/2004,Oficina,Venta,Girona,209.0,1728221.0,30/08/2004,Carmen
304,305,27/04/2004,Oficina,Venta,Girona,249.0,1150380.0,18/11/2004,Joaquín
311,312,29/04/2004,Industrial,Venta,Girona,189.0,1579284.0,07/01/2005,Luisa
319,320,02/05/2004,Industrial,Alquiler,Girona,277.0,2456159.0,04/08/2004,María
320,321,03/05/2004,Industrial,Alquiler,Girona,190.0,977740.0,12/08/2004,Pedro
324,325,04/05/2004,Piso,Venta,Girona,60.0,332400.0,30/08/2004,Joaquín
329,330,05/05/2004,Parking,Alquiler,Girona,125.0,1189250.0,26/10/2004,Pedro
331,332,06/05/2004,Local,Alquiler,Girona,138.0,877680.0,31/03/2005,Luisa
336,337,08/05/2004,Oficina,Venta,Girona,102.0,413610.0,15/09/2004,Pedro
338,339,09/05/2004,Suelo,Alquiler,Girona,75.0,683175.0,04/09/2004,Joaquín
347,348,11/05/2004,Oficina,Alquiler,Girona,187.0,1560889.0,26/03/2005,Joaquín
349,350,13/05/2004,Oficina,Venta,Girona,103.0,680830.0,21/09/2004,María
350,351,13/05/2004,Piso,Alquiler,Girona,75.0,418725.0,24/04/2005,Pedro
353,354,14/05/2004,Piso,Venta,Girona,122.0,885476.0,30/03/2005,Carmen
356,357,15/05/2004,Suelo,Venta,Girona,196.0,1707944.0,19/08/2004,Pedro
362,363,18/05/2004,Suelo,Alquiler,Girona,68.0,378624.0,30/03/2005,Carmen
367,368,18/05/2004,Casa,Venta,Girona,80.0,354320.0,18/10/2004,Carmen
377,378,24/05/2004,Suelo,Alquiler,Girona,280.0,1680000.0,17/09/2004,María
378,379,24/05/2004,Piso,Venta,Girona,108.0,812808.0,13/10/2004,Jesús
380,381,25/05/2004,Casa,Venta,Girona,123.0,775884.0,21/10/2004,Joaquín
385,386,26/05/2004,Parking,Alquiler,Girona,184.0,830760.0,13/09/2004,Pedro
387,388,28/05/2004,Parking,Alquiler,Girona,137.0,835152.0,13/02/2005,Jesús
390,391,30/05/2004,Suelo,Venta,Girona,300.0,1483500.0,29/03/2005,Carmen
392,393,31/05/2004,Piso,Venta,Girona,225.0,1164375.0,04/03/2005,Pedro
394,395,31/05/2004,Casa,Alquiler,Girona,192.0,1159296.0,23/05/2005,Carmen
397,398,01/06/2004,Industrial,Venta,Girona,72.0,427824.0,08/11/2004,Luisa
402,403,02/06/2004,Piso,Venta,Girona,90.0,770040.0,26/04/2005,Jesús
408,409,04/06/2004,Parking,Venta,Girona,293.0,1750089.0,05/04/2005,Luisa
410,411,05/06/2004,Local,Venta,Girona,90.0,742770.0,27/11/2004,Luisa
411,412,05/06/2004,Local,Venta,Girona,148.0,1268952.0,14/10/2004,María
417,418,07/06/2004,Industrial,Alquiler,Girona,287.0,2452989.0,26/01/2005,Joaquín
418,419,07/06/2004,Parking,Venta,Girona,174.0,952302.0,06/12/2004,Luisa
424,425,09/06/2004,Casa,Venta,Girona,173.0,1117753.0,11/12/2004,María
434,435,13/06/2004,Industrial,Alquiler,Girona,233.0,1541528.0,03/02/2005,Jesús
436,437,14/06/2004,Parking,Venta,Girona,107.0,909821.0,03/05/2005,Luisa
438,439,15/06/2004,Oficina,Alquiler,Girona,298.0,2524358.0,23/10/2004,Luisa
442,443,17/06/2004,Piso,Alquiler,Girona,245.0,1001070.0,14/10/2004,Jesús
444,445,17/06/2004,Local,Alquiler,Girona,44.0,189156.0,25/11/2004,Jesús
447,448,17/06/2004,Local,Alquiler,Girona,234.0,1159470.0,02/10/2004,Pedro
448,449,17/06/2004,Local,Venta,Girona,118.0,788948.0,08/04/2005,Pedro
452,453,19/06/2004,Suelo,Venta,Girona,185.0,1616900.0,08/04/2005,Jesús
458,459,21/06/2004,Oficina,Venta,Girona,107.0,590426.0,03/11/2004,María
460,461,22/06/2004,Casa,Venta,Girona,90.0,412740.0,26/09/2004,María
462,463,23/06/2004,Casa,Venta,Girona,214.0,1962380.0,01/06/2005,Pedro
463,464,24/06/2004,Casa,Alquiler,Girona,143.0,836836.0,15/06/2005,Luisa
466,467,24/06/2004,Local,Venta,Girona,126.0,520758.0,16/06/2005,Pedro
473,474,25/06/2004,Suelo,Venta,Girona,199.0,1622646.0,23/06/2005,Jesús
478,479,28/06/2004,Oficina,Venta,Girona,232.0,1028224.0,26/05/2005,Luisa
483,484,30/06/2004,Casa,Venta,Girona,153.0,1506438.0,03/12/2004,Luisa
485,486,30/06/2004,Piso,Venta,Girona,283.0,2199476.0,04/06/2005,Luisa
490,491,02/07/2004,Piso,Alquiler,Girona,62.0,358670.0,04/06/2005,Luisa
496,497,03/07/2004,Oficina,Venta,Girona,209.0,1316073.0,02/04/2005,Pedro
516,517,08/07/2004,Industrial,Venta,Girona,174.0,1313526.0,16/01/2005,Pedro
517,518,08/07/2004,Casa,Venta,Girona,108.0,638064.0,24/10/2004,Luisa
522,523,09/07/2004,Suelo,Alquiler,Girona,270.0,1429380.0,25/03/2005,Carmen
525,526,11/07/2004,Parking,Venta,Girona,162.0,1594404.0,07/03/2005,María
533,534,14/07/2004,Oficina,Venta,Girona,62.0,410316.0,27/12/2004,Luisa
535,536,14/07/2004,Casa,Venta,Girona,197.0,1292123.0,30/06/2005,Joaquín
536,537,14/07/2004,Local,Alquiler,Girona,117.0,1031121.0,30/04/2005,Luisa
537,538,15/07/2004,Industrial,Alquiler,Girona,279.0,2161134.0,09/03/2005,María
540,541,16/07/2004,Casa,Alquiler,Girona,62.0,251596.0,20/06/2005,Jesús
546,547,20/07/2004,Casa,Alquiler,Girona,200.0,1000000.0,13/12/2004,Jesús
548,549,20/07/2004,Local,Venta,Girona,237.0,1403988.0,27/06/2005,Carmen
550,551,21/07/2004,Piso,Alquiler,Girona,237.0,2215002.0,31/10/2004,Pedro
554,555,22/07/2004,Piso,Venta,Girona,138.0,1289748.0,25/12/2004,Luisa
556,557,23/07/2004,Piso,Alquiler,Girona,198.0,1916442.0,14/04/2005,Joaquín
557,558,24/07/2004,Piso,Alquiler,Girona,246.0,1875012.0,08/03/2005,Luisa
561,562,25/07/2004,Piso,Alquiler,Girona,161.0,960526.0,21/06/2005,Joaquín
565,566,26/07/2004,Local,Alquiler,Girona,266.0,1881950.0,15/01/2005,María
577,578,29/07/2004,Oficina,Venta,Girona,221.0,1571973.0,25/12/2004,Joaquín
578,579,29/07/2004,Industrial,Venta,Girona,148.0,811780.0,17/04/2005,Luisa
583,584,01/08/2004,Casa,Alquiler,Girona,257.0,1077601.0,07/02/2005,Luisa
584,585,01/08/2004,Parking,Alquiler,Girona,161.0,1050203.0,04/02/2005,Joaquín
590,591,03/08/2004,Suelo,Alquiler,Girona,46.0,435712.0,31/03/2005,Luisa
591,592,03/08/2004,Parking,Alquiler,Girona,145.0,999630.0,01/05/2005,Pedro
600,601,08/08/2004,Casa,Alquiler,Girona,147.0,919632.0,23/06/2005,Luisa
601,602,09/08/2004,Industrial,Venta,Girona,227.0,1218763.0,27/07/2005,Joaquín
611,612,11/08/2004,Casa,Alquiler,Girona,92.0,879244.0,06/05/2005,Joaquín
624,625,15/08/2004,Industrial,Alquiler,Girona,222.0,2171826.0,12/01/2005,Carmen
628,629,17/08/2004,Piso,Venta,Girona,249.0,1427019.0,04/12/2004,Jesús
629,630,17/08/2004,Parking,Alquiler,Girona,170.0,1567060.0,19/02/2005,María
631,632,17/08/2004,Piso,Venta,Girona,201.0,1816437.0,10/05/2005,Pedro
632,633,17/08/2004,Parking,Alquiler,Girona,167.0,1191044.0,11/01/2005,Luisa
634,635,18/08/2004,Local,Alquiler,Girona,197.0,981651.0,17/01/2005,Jesús
638,639,19/08/2004,Piso,Alquiler,Girona,277.0,2646181.0,04/07/2005,Carmen
640,641,19/08/2004,Oficina,Venta,Girona,249.0,2306238.0,02/03/2005,María
641,642,20/08/2004,Industrial,Venta,Girona,119.0,711382.0,01/08/2005,Luisa
647,648,21/08/2004,Oficina,Venta,Girona,267.0,1153173.0,28/03/2005,Pedro
650,651,22/08/2004,Piso,Venta,Girona,207.0,1015956.0,17/06/2005,Jesús
651,652,22/08/2004,Oficina,Alquiler,Girona,259.0,1080548.0,31/12/2004,María
653,654,22/08/2004,Oficina,Alquiler,Girona,207.0,1953873.0,10/06/2005,Luisa
654,655,22/08/2004,Oficina,Venta,Girona,293.0,2787016.0,23/03/2005,Luisa
660,661,23/08/2004,Local,Venta,Girona,278.0,1730550.0,09/12/2004,María
661,662,24/08/2004,Parking,Alquiler,Girona,254.0,1963166.0,27/07/2005,Joaquín
663,664,24/08/2004,Local,Alquiler,Girona,252.0,2057832.0,14/03/2005,Luisa
664,665,25/08/2004,Local,Alquiler,Girona,163.0,1520627.0,20/04/2005,Pedro
673,674,29/08/2004,Parking,Venta,Girona,152.0,1392168.0,04/08/2005,Pedro
675,676,29/08/2004,Casa,Venta,Girona,47.0,311563.0,27/12/2004,Carmen
684,685,31/08/2004,Piso,Venta,Girona,97.0,662316.0,27/04/2005,Carmen
688,689,02/09/2004,Parking,Venta,Girona,64.0,622144.0,05/07/2005,María
690,691,02/09/2004,Casa,Alquiler,Girona,118.0,827062.0,22/03/2005,Joaquín
697,698,05/09/2004,Parking,Alquiler,Girona,187.0,789140.0,16/05/2005,Carmen
698,699,05/09/2004,Suelo,Alquiler,Girona,73.0,542974.0,14/06/2005,Luisa
699,700,06/09/2004,Local,Alquiler,Girona,299.0,1251315.0,20/01/2005,Luisa
700,701,06/09/2004,Casa,Venta,Girona,225.0,2023200.0,27/12/2004,Joaquín
701,702,07/09/2004,Piso,Alquiler,Girona,295.0,2553225.0,14/01/2005,Carmen
705,706,08/09/2004,Piso,Alquiler,Girona,258.0,1501560.0,05/01/2005,Joaquín
706,707,08/09/2004,Industrial,Venta,Girona,215.0,1713120.0,27/05/2005,Carmen
717,718,11/09/2004,Suelo,Alquiler,Girona,161.0,736092.0,26/02/2005,María
721,722,12/09/2004,Industrial,Alquiler,Girona,86.0,611546.0,10/02/2005,Carmen
722,723,12/09/2004,Casa,Alquiler,Girona,54.0,518508.0,16/02/2005,María
725,726,13/09/2004,Parking,Venta,Girona,112.0,1081360.0,03/05/2005,María
726,727,15/09/2004,Suelo,Alquiler,Girona,195.0,1168440.0,30/12/2004,Luisa
730,731,16/09/2004,Casa,Venta,Girona,109.0,555246.0,10/04/2005,Joaquín
732,733,17/09/2004,Oficina,Alquiler,Girona,164.0,1225244.0,07/08/2005,Jesús
747,748,22/09/2004,Industrial,Alquiler,Girona,228.0,2145480.0,21/06/2005,María
749,750,23/09/2004,Parking,Alquiler,Girona,294.0,1335936.0,14/07/2005,Carmen
750,751,23/09/2004,Parking,Venta,Girona,132.0,556116.0,11/09/2005,Luisa
760,761,26/09/2004,Local,Venta,Girona,50.0,411700.0,05/01/2005,Carmen
762,763,27/09/2004,Piso,Alquiler,Girona,291.0,2411808.0,28/02/2005,Joaquín
763,764,27/09/2004,Oficina,Alquiler,Girona,210.0,1122240.0,27/08/2005,Pedro
764,765,28/09/2004,Local,Alquiler,Girona,291.0,2354481.0,26/01/2005,Carmen
765,766,29/09/2004,Piso,Alquiler,Girona,204.0,1044480.0,17/04/2005,Jesús
767,768,29/09/2004,Piso,Venta,Girona,231.0,1213212.0,24/06/2005,Carmen
770,771,04/10/2004,Industrial,Venta,Girona,44.0,223564.0,26/09/2005,Luisa
781,782,06/10/2004,Suelo,Venta,Girona,74.0,299996.0,02/09/2005,María
782,783,06/10/2004,Oficina,Alquiler,Girona,219.0,1455693.0,28/01/2005,Joaquín
787,788,07/10/2004,Casa,Venta,Girona,92.0,853852.0,25/09/2005,Carmen
790,791,08/10/2004,Industrial,Venta,Girona,113.0,869196.0,28/07/2005,Jesús
797,798,11/10/2004,Piso,Venta,Girona,222.0,1478742.0,24/09/2005,Jesús
803,804,13/10/2004,Industrial,Venta,Girona,114.0,580032.0,28/03/2005,Jesús
805,806,14/10/2004,Oficina,Venta,Girona,43.0,415552.0,16/01/2005,Luisa
807,808,15/10/2004,Oficina,Alquiler,Girona,119.0,630224.0,09/04/2005,Joaquín
812,813,17/10/2004,Casa,Venta,Girona,138.0,733470.0,04/04/2005,Pedro
820,821,19/10/2004,Parking,Venta,Girona,161.0,1392006.0,12/07/2005,María
823,824,21/10/2004,Piso,Alquiler,Girona,60.0,484560.0,24/08/2005,Jesús
825,826,21/10/2004,Oficina,Alquiler,Girona,239.0,1709567.0,10/06/2005,Jesús
830,831,24/10/2004,Parking,Venta,Girona,115.0,880900.0,04/07/2005,Carmen
836,837,27/10/2004,Local,Venta,Girona,127.0,1021334.0,21/05/2005,Joaquín
837,838,27/10/2004,Piso,Alquiler,Girona,62.0,583110.0,19/02/2005,Joaquín
839,840,27/10/2004,Parking,Alquiler,Girona,114.0,1040478.0,29/04/2005,Carmen
840,841,27/10/2004,Piso,Venta,Girona,120.0,1061160.0,13/04/2005,Luisa
846,847,31/10/2004,Piso,Alquiler,Girona,121.0,731929.0,27/06/2005,Pedro
849,850,01/11/2004,Piso,Alquiler,Girona,159.0,1391091.0,16/06/2005,Carmen
850,851,01/11/2004,Casa,Alquiler,Girona,157.0,1032118.0,16/06/2005,Luisa
851,852,02/11/2004,Casa,Alquiler,Girona,237.0,1768020.0,27/04/2005,Luisa
854,855,03/11/2004,Suelo,Venta,Girona,223.0,1650200.0,28/08/2005,Carmen
856,857,03/11/2004,Industrial,Venta,Girona,238.0,2379048.0,08/09/2005,María
860,861,03/11/2004,Piso,Alquiler,Girona,96.0,891456.0,28/07/2005,Pedro
863,864,06/11/2004,Industrial,Venta,Girona,108.0,553608.0,04/02/2005,Luisa
864,865,06/11/2004,Parking,Alquiler,Girona,110.0,523160.0,11/09/2005,Joaquín
865,866,07/11/2004,Parking,Venta,Girona,136.0,1054544.0,18/09/2005,María
871,872,09/11/2004,Piso,Alquiler,Girona,185.0,1390460.0,29/08/2005,Jesús
874,875,09/11/2004,Oficina,Alquiler,Girona,147.0,1259202.0,03/05/2005,Pedro
882,883,11/11/2004,Piso,Venta,Girona,266.0,1370964.0,22/10/2005,María
883,884,11/11/2004,Piso,Venta,Girona,125.0,590875.0,20/09/2005,Carmen
885,886,12/11/2004,Piso,Venta,Girona,133.0,1191281.0,28/06/2005,Joaquín
890,891,13/11/2004,Casa,Venta,Girona,255.0,2543625.0,29/08/2005,Pedro
900,901,16/11/2004,Parking,Alquiler,Girona,294.0,1653456.0,18/07/2005,Pedro
904,905,18/11/2004,Local,Alquiler,Girona,116.0,479892.0,11/11/2005,Joaquín
907,908,18/11/2004,Parking,Venta,Girona,134.0,933444.0,17/04/2005,Pedro
913,914,20/11/2004,Piso,Venta,Girona,48.0,366480.0,19/09/2005,Pedro
914,915,20/11/2004,Oficina,Venta,Girona,285.0,1869885.0,10/08/2005,Jesús
923,924,25/11/2004,Parking,Alquiler,Girona,283.0,2213909.0,10/05/2005,Luisa
933,934,29/11/2004,Casa,Alquiler,Girona,228.0,2212740.0,10/10/2005,Jesús
935,936,01/12/2004,Parking,Alquiler,Girona,116.0,573040.0,01/11/2005,María
936,937,01/12/2004,Industrial,Alquiler,Girona,276.0,1932552.0,20/10/2005,María
938,939,01/12/2004,Industrial,Alquiler,Girona,216.0,1962360.0,17/05/2005,Pedro
943,944,03/12/2004,Piso,Alquiler,Girona,66.0,558030.0,01/12/2005,Carmen
945,946,04/12/2004,Piso,Venta,Girona,243.0,1447551.0,13/09/2005,Pedro
947,948,05/12/2004,Piso,Alquiler,Girona,237.0,1725597.0,07/07/2005,Pedro
949,950,05/12/2004,Piso,Venta,Girona,233.0,2153852.0,11/03/2005,Pedro
952,953,07/12/2004,Casa,Alquiler,Girona,240.0,1510320.0,19/10/2005,Carmen
954,955,09/12/2004,Suelo,Venta,Girona,200.0,1938400.0,25/08/2005,María
959,960,10/12/2004,Suelo,Venta,Girona,275.0,1732500.0,10/07/2005,Joaquín
960,961,10/12/2004,Parking,Alquiler,Girona,96.0,535584.0,22/10/2005,Carmen
963,964,11/12/2004,Suelo,Venta,Girona,185.0,1038590.0,15/07/2005,Luisa
964,965,11/12/2004,Industrial,Venta,Girona,56.0,525616.0,15/08/2005,Joaquín
966,967,12/12/2004,Piso,Venta,Girona,175.0,722925.0,18/03/2005,Carmen
969,970,14/12/2004,Piso,Alquiler,Girona,232.0,1193408.0,07/06/2005,Luisa
971,972,14/12/2004,Piso,Venta,Girona,219.0,1059303.0,27/07/2005,Joaquín
980,981,18/12/2004,Local,Venta,Girona,278.0,2273762.0,30/11/2005,Pedro
991,992,22/12/2004,Piso,Alquiler,Girona,281.0,2326118.0,22/07/2005,María
993,994,22/12/2004,Local,Venta,Girona,187.0,1346961.0,20/12/2005,Joaquín
995,996,23/12/2004,Parking,Alquiler,Girona,88.0,690184.0,29/05/2005,Carmen
996,997,23/12/2004,Industrial,Alquiler,Girona,66.0,448932.0,01/09/2005,Pedro
997,998,23/12/2004,Local,Venta,Girona,219.0,2101743.0,30/07/2005,Luisa
998,999,23/12/2004,Industrial,Venta,Girona,67.0,430743.0,06/06/2005,Pedro
1004,1005,26/12/2004,Oficina,Alquiler,Girona,159.0,1437360.0,12/06/2005,Luisa
1009,1010,27/12/2004,Parking,Venta,Girona,211.0,945702.0,04/12/2005,Luisa
1016,1017,01/01/2005,Parking,Venta,Girona,217.0,2101862.0,23/10/2005,Carmen
1020,1021,02/01/2005,Suelo,Alquiler,Girona,86.0,452962.0,24/10/2005,Joaquín
1022,1023,03/01/2005,Oficina,Venta,Girona,105.0,889980.0,16/10/2005,Pedro
1026,1027,04/01/2005,Casa,Alquiler,Girona,79.0,352972.0,06/11/2005,Joaquín
1033,1034,06/01/2005,Industrial,Alquiler,Girona,153.0,923355.0,07/07/2005,Luisa
1037,1038,08/01/2005,Piso,Alquiler,Girona,59.0,325326.0,09/04/2005,Carmen
1044,1045,11/01/2005,Parking,Alquiler,Girona,260.0,2402920.0,09/10/2005,Joaquín
1045,1046,11/01/2005,Suelo,Alquiler,Girona,240.0,1823280.0,04/09/2005,Luisa
1051,1052,12/01/2005,Casa,Venta,Girona,75.0,624600.0,12/12/2005,María
1052,1053,13/01/2005,Industrial,Venta,Girona,42.0,224280.0,10/07/2005,María
1055,1056,15/01/2005,Suelo,Alquiler,Girona,45.0,300105.0,02/06/2005,Carmen
1058,1059,16/01/2005,Oficina,Venta,Girona,133.0,573230.0,20/09/2005,Jesús
1063,1064,19/01/2005,Piso,Alquiler,Girona,80.0,607200.0,20/11/2005,Carmen
1065,1066,20/01/2005,Suelo,Venta,Girona,287.0,2808008.0,24/06/2005,Pedro
1070,1071,21/01/2005,Parking,Venta,Girona,118.0,1134452.0,27/04/2005,Carmen
1071,1072,22/01/2005,Piso,Alquiler,Girona,132.0,592152.0,23/04/2005,Carmen
1078,1079,24/01/2005,Oficina,Venta,Girona,91.0,777686.0,19/10/2005,Luisa
1083,1084,25/01/2005,Parking,Alquiler,Girona,287.0,1370138.0,03/05/2005,Joaquín
1092,1093,31/01/2005,Parking,Alquiler,Girona,222.0,2209344.0,09/09/2005,Carmen
1095,1096,01/02/2005,Local,Venta,Girona,64.0,539392.0,03/08/2005,Pedro
1098,1099,02/02/2005,Industrial,Alquiler,Girona,82.0,621314.0,07/09/2005,Luisa
1105,1106,04/02/2005,Oficina,Venta,Girona,141.0,1279434.0,26/09/2005,Carmen
1113,1114,07/02/2005,Industrial,Venta,Girona,76.0,499244.0,04/07/2005,Luisa
1116,1117,08/02/2005,Casa,Alquiler,Girona,154.0,1037498.0,20/09/2005,Luisa
1119,1120,10/02/2005,Local,Venta,Girona,180.0,1707660.0,28/07/2005,Joaquín
1121,1122,11/02/2005,Piso,Venta,Girona,228.0,1339044.0,14/12/2005,Pedro
1122,1123,11/02/2005,Oficina,Venta,Girona,157.0,879357.0,17/05/2005,Joaquín
1123,1124,11/02/2005,Piso,Venta,Girona,208.0,1215344.0,27/05/2005,Jesús
1128,1129,14/02/2005,Oficina,Alquiler,Girona,119.0,899640.0,12/12/2005,Pedro
1138,1139,16/02/2005,Industrial,Venta,Girona,96.0,742176.0,15/12/2005,Pedro
1151,1152,19/02/2005,Local,Venta,Girona,224.0,1966272.0,02/12/2005,Pedro
1156,1157,20/02/2005,Local,Venta,Girona,254.0,1614170.0,18/01/2006,María
1167,1168,24/02/2005,Piso,Venta,Girona,206.0,1136502.0,22/01/2006,Pedro
1171,1172,24/02/2005,Oficina,Venta,Girona,188.0,1697640.0,04/08/2005,Luisa
1174,1175,26/02/2005,Local,Alquiler,Girona,62.0,484592.0,09/10/2005,María
1181,1182,01/03/2005,Suelo,Venta,Girona,177.0,1203246.0,20/02/2006,Carmen
1182,1183,01/03/2005,Parking,Alquiler,Girona,45.0,360540.0,02/09/2005,María
1185,1186,03/03/2005,Casa,Alquiler,Girona,151.0,756208.0,13/02/2006,Luisa
1186,1187,03/03/2005,Industrial,Alquiler,Girona,50.0,442300.0,30/06/2005,María
1187,1188,03/03/2005,Parking,Alquiler,Girona,93.0,375813.0,12/07/2005,Pedro
1189,1190,03/03/2005,Parking,Venta,Girona,153.0,1401633.0,14/09/2005,Carmen
1191,1192,04/03/2005,Casa,Alquiler,Girona,235.0,2055310.0,03/01/2006,Jesús
1194,1195,04/03/2005,Piso,Alquiler,Girona,92.0,743360.0,11/08/2005,Pedro
1195,1196,05/03/2005,Suelo,Venta,Girona,124.0,614048.0,13/07/2005,Joaquín
1207,1208,08/03/2005,Suelo,Alquiler,Girona,236.0,1449512.0,05/02/2006,Joaquín
1208,1209,08/03/2005,Piso,Alquiler,Girona,91.0,395850.0,10/12/2005,Carmen
1213,1214,10/03/2005,Casa,Alquiler,Girona,145.0,655690.0,08/06/2005,María
1217,1218,11/03/2005,Piso,Venta,Girona,241.0,1729416.0,18/09/2005,Carmen
1222,1223,12/03/2005,Parking,Venta,Girona,181.0,1805475.0,10/06/2005,María
1224,1225,14/03/2005,Parking,Venta,Girona,164.0,785068.0,22/01/2006,Jesús
1226,1227,14/03/2005,Industrial,Alquiler,Girona,164.0,1526840.0,20/10/2005,María
1229,1230,15/03/2005,Suelo,Venta,Girona,268.0,2422720.0,27/11/2005,Carmen
1237,1238,19/03/2005,Casa,Venta,Girona,192.0,820608.0,28/07/2005,Luisa
1241,1242,20/03/2005,Piso,Alquiler,Girona,100.0,484200.0,30/09/2005,Pedro
1242,1243,20/03/2005,Industrial,Alquiler,Girona,52.0,269516.0,21/08/2005,Carmen
1244,1245,20/03/2005,Parking,Venta,Girona,276.0,1477428.0,23/11/2005,María
1249,1250,23/03/2005,Piso,Venta,Girona,163.0,1362843.0,31/01/2006,Luisa
1254,1255,24/03/2005,Casa,Venta,Girona,40.0,354360.0,16/10/2005,Carmen
1255,1256,24/03/2005,Piso,Venta,Girona,168.0,1620192.0,09/10/2005,María
1256,1257,25/03/2005,Parking,Venta,Girona,117.0,1149525.0,27/02/2006,Pedro
1267,1268,30/03/2005,Industrial,Alquiler,Girona,167.0,1191044.0,30/03/2006,Joaquín
1271,1272,30/03/2005,Suelo,Alquiler,Girona,216.0,1500984.0,23/10/2005,Joaquín
1272,1273,31/03/2005,Piso,Venta,Girona,283.0,1599233.0,04/11/2005,Pedro
1280,1281,04/04/2005,Piso,Venta,Girona,176.0,1004608.0,06/01/2006,Jesús
1282,1283,04/04/2005,Local,Alquiler,Girona,179.0,812660.0,31/10/2005,Jesús
1284,1285,05/04/2005,Piso,Alquiler,Girona,72.0,682344.0,26/08/2005,Pedro
1285,1286,05/04/2005,Parking,Alquiler,Girona,297.0,2872287.0,16/09/2005,Luisa
1294,1295,07/04/2005,Oficina,Alquiler,Girona,214.0,899228.0,24/12/2005,Luisa
1296,1297,07/04/2005,Industrial,Venta,Girona,230.0,1751450.0,07/07/2005,Jesús
1298,1299,09/04/2005,Local,Venta,Girona,290.0,1702590.0,09/04/2006,Pedro
1301,1302,11/04/2005,Casa,Venta,Girona,288.0,2371392.0,17/11/2005,Luisa
1306,1307,15/04/2005,Industrial,Venta,Girona,264.0,2589312.0,20/07/2005,Pedro
1310,1311,15/04/2005,Casa,Alquiler,Girona,185.0,1059680.0,14/07/2005,Pedro
1311,1312,16/04/2005,Oficina,Venta,Girona,180.0,1523880.0,11/11/2005,Jesús
1319,1320,18/04/2005,Piso,Alquiler,Girona,164.0,841484.0,07/04/2006,María
1320,1321,18/04/2005,Local,Alquiler,Girona,271.0,2478566.0,21/07/2005,Pedro
1323,1324,19/04/2005,Oficina,Venta,Girona,48.0,454416.0,25/09/2005,Pedro
1328,1329,20/04/2005,Oficina,Venta,Girona,182.0,1367366.0,21/07/2005,Carmen
1336,1337,23/04/2005,Local,Alquiler,Girona,69.0,493971.0,05/09/2005,María
1337,1338,24/04/2005,Oficina,Venta,Girona,40.0,163920.0,09/04/2006,Carmen
1340,1341,25/04/2005,Local,Venta,Girona,132.0,1007688.0,26/12/2005,Luisa
1349,1350,26/04/2005,Suelo,Alquiler,Girona,98.0,425712.0,23/03/2006,Pedro
1351,1352,,Piso,Venta,Girona,189.0,1064637.0,29/11/2005,Jesús
1362,1363,30/04/2005,Casa,Venta,Girona,157.0,729579.0,01/01/2006,Joaquín
1364,1365,01/05/2005,Casa,Venta,Girona,65.0,350155.0,14/11/2005,María
1366,1367,02/05/2005,Suelo,Alquiler,Girona,81.0,567486.0,26/01/2006,María
1374,1375,04/05/2005,Casa,Venta,Girona,175.0,1363950.0,11/09/2005,Jesús
1379,1380,06/05/2005,Industrial,Venta,Girona,192.0,958464.0,13/08/2005,Jesús
1382,1383,06/05/2005,Industrial,Venta,Girona,167.0,814793.0,27/02/2006,Luisa
1387,1388,08/05/2005,Casa,Venta,Girona,270.0,2288520.0,02/11/2005,Joaquín
1388,1389,08/05/2005,Parking,Venta,Girona,203.0,1892772.0,26/03/2006,María
1390,1391,09/05/2005,Industrial,Alquiler,Girona,160.0,804640.0,03/04/2006,Carmen
1391,1392,09/05/2005,Suelo,Alquiler,Girona,235.0,1046925.0,05/12/2005,Carmen
1394,1395,10/05/2005,Local,Venta,Girona,252.0,1923264.0,21/09/2005,Carmen
1398,1399,11/05/2005,Oficina,Venta,Girona,166.0,804768.0,04/12/2005,María
1402,1403,14/05/2005,Suelo,Alquiler,Girona,254.0,2417572.0,20/09/2005,María
1404,1405,15/05/2005,Parking,Venta,Girona,71.0,493166.0,08/12/2005,Joaquín
1411,1412,18/05/2005,Industrial,Alquiler,Girona,233.0,2120067.0,24/02/2006,Jesús
1421,1422,22/05/2005,Parking,Alquiler,Girona,282.0,1132230.0,20/03/2006,Pedro
1426,1427,24/05/2005,Parking,Alquiler,Girona,223.0,2228439.0,17/09/2005,Carmen
1434,1435,27/05/2005,Casa,Alquiler,Girona,80.0,548000.0,30/11/2005,Joaquín
1438,1439,28/05/2005,Industrial,Venta,Girona,233.0,1306664.0,30/10/2005,Luisa
1439,1440,28/05/2005,Parking,Venta,Girona,255.0,1504755.0,31/10/2005,Luisa
1448,1449,01/06/2005,Piso,Alquiler,Girona,85.0,706690.0,03/01/2006,Joaquín
1451,1452,03/06/2005,Industrial,Venta,Girona,70.0,455000.0,22/10/2005,Pedro
1457,1458,05/06/2005,Parking,Venta,Girona,277.0,1691085.0,19/11/2005,Pedro
1458,1459,05/06/2005,Industrial,Venta,Girona,76.0,456532.0,19/09/2005,Joaquín
1459,1460,06/06/2005,Oficina,Alquiler,Girona,228.0,1039452.0,11/01/2006,Carmen
1460,1461,06/06/2005,Local,Venta,Girona,129.0,563085.0,18/12/2005,Jesús
1463,1464,07/06/2005,Casa,Venta,Girona,179.0,1393157.0,26/11/2005,Luisa
1476,1477,12/06/2005,Parking,Alquiler,Girona,73.0,364270.0,02/02/2006,María
1485,1486,15/06/2005,Local,Alquiler,Girona,167.0,1121906.0,12/11/2005,Carmen
1490,1491,16/06/2005,Oficina,Alquiler,Girona,138.0,1241034.0,05/06/2006,Carmen
1494,1495,17/06/2005,Casa,Venta,Girona,199.0,1590010.0,13/04/2006,Carmen
1497,1498,18/06/2005,Casa,Alquiler,Girona,55.0,256630.0,23/10/2005,María
1501,1502,21/06/2005,Industrial,Venta,Girona,120.0,1175160.0,28/11/2005,Carmen
1503,1504,21/06/2005,Industrial,Venta,Girona,190.0,778430.0,14/11/2005,Joaquín
1505,1506,22/06/2005,Suelo,Alquiler,Girona,256.0,2512640.0,16/03/2006,Jesús
1507,1508,22/06/2005,Casa,Venta,Girona,274.0,2594780.0,23/02/2006,María
1508,1509,22/06/2005,Piso,Venta,Girona,244.0,2180628.0,05/02/2006,Pedro
1511,1512,23/06/2005,Casa,Alquiler,Girona,261.0,2419209.0,25/05/2006,María
1513,1514,24/06/2005,Suelo,Alquiler,Girona,110.0,781000.0,25/02/2006,María
1516,1517,28/06/2005,Suelo,Alquiler,Girona,139.0,1217501.0,20/11/2005,Joaquín
1517,1518,28/06/2005,Local,Alquiler,Girona,151.0,1456999.0,01/10/2005,Carmen
1525,1526,30/06/2005,Oficina,Venta,Girona,68.0,586908.0,28/05/2006,Luisa
1527,1528,30/06/2005,Oficina,Alquiler,Girona,204.0,1132608.0,12/11/2005,María
1528,1529,30/06/2005,Oficina,Alquiler,Girona,185.0,1257075.0,06/06/2006,María
1531,1532,01/07/2005,Piso,Alquiler,Girona,260.0,1542580.0,03/05/2006,Luisa
1532,1533,01/07/2005,Local,Alquiler,Girona,71.0,540452.0,24/01/2006,Jesús
1535,1536,04/07/2005,Parking,Venta,Girona,43.0,361759.0,01/12/2005,Jesús
1537,1538,04/07/2005,Industrial,Alquiler,Girona,161.0,1405852.0,14/05/2006,Pedro
1542,1543,06/07/2005,Oficina,Venta,Girona,53.0,381494.0,27/12/2005,Luisa
1545,1546,07/07/2005,Piso,Alquiler,Girona,135.0,1294110.0,08/03/2006,Jesús
1550,1551,09/07/2005,Suelo,Alquiler,Girona,167.0,944385.0,15/02/2006,Carmen
1558,1559,13/07/2005,Piso,Alquiler,Girona,138.0,824688.0,16/05/2006,Joaquín
1559,1560,14/07/2005,Casa,Alquiler,Girona,177.0,1074921.0,25/10/2005,Luisa
1561,1562,15/07/2005,Local,Venta,Girona,74.0,583638.0,17/10/2005,Luisa
1562,1563,15/07/2005,Suelo,Venta,Girona,206.0,1881810.0,10/07/2006,Joaquín
1577,1578,20/07/2005,Local,Venta,Girona,178.0,1723040.0,05/04/2006,Jesús
1582,1583,22/07/2005,Suelo,Alquiler,Girona,300.0,1832100.0,02/05/2006,Carmen
1583,1584,22/07/2005,Industrial,Venta,Girona,191.0,916418.0,19/02/2006,Luisa
1584,1585,22/07/2005,Casa,Venta,Girona,203.0,1026774.0,04/07/2006,Pedro
1587,1588,23/07/2005,Local,Alquiler,Girona,245.0,2170945.0,14/05/2006,Jesús
1593,1594,25/07/2005,Local,Venta,Girona,80.0,568880.0,29/10/2005,Carmen
1597,1598,26/07/2005,Industrial,Alquiler,Girona,167.0,1606206.0,11/12/2005,Joaquín
1598,1599,26/07/2005,Suelo,Alquiler,Girona,245.0,1311730.0,06/01/2006,Pedro
1612,1613,03/08/2005,Industrial,Alquiler,Girona,84.0,690396.0,08/02/2006,Carmen
1614,1615,03/08/2005,Oficina,Venta,Girona,64.0,399488.0,07/12/2005,Jesús
1618,1619,04/08/2005,Casa,Alquiler,Girona,222.0,1477410.0,06/05/2006,María
1619,1620,04/08/2005,Parking,Alquiler,Girona,56.0,375592.0,20/02/2006,Jesús
1620,1621,04/08/2005,Casa,Venta,Girona,286.0,1658800.0,27/11/2005,María
1627,1628,06/08/2005,Parking,Venta,Girona,297.0,2440449.0,03/08/2006,Carmen
1633,1634,07/08/2005,Industrial,Venta,Girona,92.0,739864.0,28/01/2006,Luisa
1635,1636,08/08/2005,Suelo,Venta,Girona,224.0,1448384.0,20/12/2005,Joaquín
1637,1638,08/08/2005,Piso,Venta,Girona,184.0,1156808.0,26/04/2006,Carmen
1644,1645,10/08/2005,Casa,Alquiler,Girona,133.0,958132.0,04/06/2006,Pedro
1645,1646,11/08/2005,Parking,Venta,Girona,184.0,1147608.0,29/06/2006,Luisa
1651,1652,15/08/2005,Casa,Alquiler,Girona,63.0,601398.0,01/03/2006,Carmen
1663,1664,19/08/2005,Oficina,Venta,Girona,272.0,2233120.0,13/12/2005,Luisa
1668,1669,23/08/2005,Oficina,Alquiler,Girona,203.0,1933372.0,31/01/2006,Jesús
1671,1672,25/08/2005,Oficina,Venta,Girona,227.0,1789214.0,02/12/2005,Joaquín
1673,1674,26/08/2005,Casa,Venta,Girona,242.0,2290046.0,24/01/2006,María
1680,1681,28/08/2005,Casa,Venta,Girona,284.0,1459192.0,02/07/2006,María
1681,1682,28/08/2005,Casa,Alquiler,Girona,265.0,1441070.0,04/08/2006,Jesús
1683,1684,28/08/2005,Industrial,Alquiler,Girona,224.0,1932448.0,03/02/2006,Carmen
1686,1687,29/08/2005,Parking,Alquiler,Girona,82.0,700854.0,22/04/2006,María
1688,1689,29/08/2005,Piso,Alquiler,Girona,108.0,581580.0,04/08/2006,Carmen
1689,1690,30/08/2005,Parking,Venta,Girona,142.0,681884.0,12/06/2006,Carmen
1693,1694,31/08/2005,Local,Venta,Girona,275.0,1826825.0,14/05/2006,Jesús
1694,1695,31/08/2005,Casa,Alquiler,Girona,248.0,1234048.0,28/02/2006,Jesús
1696,1697,01/09/2005,Industrial,Venta,Girona,116.0,1143412.0,03/07/2006,María
1712,1713,09/09/2005,Piso,Venta,Girona,201.0,1333434.0,17/02/2006,María
1734,1735,14/09/2005,Parking,Alquiler,Girona,258.0,1430352.0,14/01/2006,María
1738,1739,16/09/2005,Local,Alquiler,Girona,91.0,838292.0,16/04/2006,Pedro
1741,1742,17/09/2005,Parking,Venta,Girona,70.0,428190.0,20/02/2006,Jesús
1742,1743,17/09/2005,Casa,Venta,Girona,292.0,2630336.0,08/01/2006,Joaquín
1746,1747,20/09/2005,Piso,Alquiler,Girona,240.0,2183760.0,27/01/2006,Jesús
1749,1750,21/09/2005,Local,Venta,Girona,117.0,474084.0,21/07/2006,Luisa
1750,1751,21/09/2005,Parking,Alquiler,Girona,258.0,1758786.0,24/02/2006,Jesús
1761,1762,26/09/2005,Casa,Venta,Girona,191.0,1514057.0,20/09/2006,Luisa
1762,1763,27/09/2005,Local,Alquiler,Girona,78.0,678132.0,23/04/2006,María
1774,1775,01/10/2005,Local,Venta,Girona,53.0,446313.0,16/08/2006,Pedro
1776,1777,02/10/2005,Local,Venta,Girona,279.0,1512738.0,08/07/2006,Luisa
1783,1784,03/10/2005,Parking,Alquiler,Girona,85.0,809115.0,25/05/2006,María
1787,1788,03/10/2005,Parking,Venta,Girona,85.0,658835.0,14/07/2006,Luisa
1788,1789,04/10/2005,Oficina,Alquiler,Girona,85.0,749275.0,05/01/2006,María
1789,1790,04/10/2005,Local,Venta,Girona,238.0,2184364.0,11/08/2006,Luisa
1790,1791,04/10/2005,Oficina,Alquiler,Girona,228.0,1747392.0,24/05/2006,Carmen
1793,1794,05/10/2005,Local,Alquiler,Girona,118.0,970314.0,15/02/2006,Luisa
1795,1796,06/10/2005,Casa,Alquiler,Girona,208.0,1811680.0,31/05/2006,Jesús
1806,1807,09/10/2005,Local,Alquiler,Girona,211.0,1244056.0,01/09/2006,María
1808,1809,11/10/2005,Local,Alquiler,Girona,151.0,1382707.0,07/05/2006,María
1812,1813,12/10/2005,Local,Alquiler,Girona,246.0,2010312.0,21/02/2006,María
1814,1815,12/10/2005,Local,Alquiler,Girona,72.0,686232.0,12/09/2006,Luisa
1816,1817,13/10/2005,Industrial,Venta,Girona,76.0,368676.0,29/09/2006,Luisa
1820,1821,14/10/2005,Casa,Alquiler,Girona,207.0,1556226.0,21/06/2006,Carmen
1821,1822,15/10/2005,Casa,Venta,Girona,84.0,437640.0,09/02/2006,María
1824,1825,15/10/2005,Piso,Venta,Girona,262.0,2390750.0,11/03/2006,Pedro
1826,1827,16/10/2005,Oficina,Venta,Girona,145.0,1169860.0,06/05/2006,Joaquín
1833,1834,18/10/2005,Casa,Alquiler,Girona,157.0,1182053.0,09/04/2006,Joaquín
1838,1839,21/10/2005,Casa,Alquiler,Girona,258.0,2475510.0,28/06/2006,Jesús
1847,1848,27/10/2005,Oficina,Venta,Girona,266.0,1327606.0,02/05/2006,María
1848,1849,28/10/2005,Casa,Venta,Girona,160.0,781120.0,10/04/2006,Pedro
1851,1852,28/10/2005,Piso,Alquiler,Girona,164.0,1421060.0,28/10/2006,Luisa
1854,1855,29/10/2005,Casa,Venta,Girona,160.0,1263040.0,08/02/2006,Jesús
1855,1856,29/10/2005,Casa,Venta,Girona,284.0,2467960.0,25/04/2006,Pedro
1858,1859,31/10/2005,Casa,Alquiler,Girona,216.0,1883088.0,18/10/2006,Pedro
1859,1860,01/11/2005,Oficina,Alquiler,Girona,213.0,2083779.0,23/04/2006,María
1863,1864,02/11/2005,Oficina,Alquiler,Girona,67.0,304113.0,29/06/2006,Joaquín
1867,1868,04/11/2005,Suelo,Venta,Girona,69.0,667299.0,25/10/2006,Luisa
1868,1869,04/11/2005,Piso,Venta,Girona,259.0,1074332.0,09/02/2006,Joaquín
1869,1870,04/11/2005,Suelo,Venta,Girona,191.0,1895293.0,21/07/2006,María
1870,1871,05/11/2005,Oficina,Venta,Girona,119.0,523481.0,29/10/2006,Luisa
1871,1872,05/11/2005,Industrial,Alquiler,Girona,233.0,1644747.0,05/05/2006,Carmen
1877,1878,08/11/2005,Local,Venta,Girona,170.0,974610.0,18/08/2006,María
1879,1880,08/11/2005,Oficina,Alquiler,Girona,153.0,912798.0,31/05/2006,Jesús
1882,1883,09/11/2005,Parking,Alquiler,Girona,156.0,1508988.0,18/09/2006,Jesús
1885,1886,12/11/2005,Oficina,Alquiler,Girona,273.0,2333058.0,05/03/2006,Joaquín
1893,1894,14/11/2005,Parking,Venta,Girona,46.0,426880.0,16/05/2006,Luisa
1911,1912,22/11/2005,Industrial,Venta,Girona,95.0,783370.0,04/09/2006,Jesús
1917,1918,23/11/2005,Parking,Venta,Girona,45.0,301815.0,19/10/2006,Joaquín
1919,1920,23/11/2005,Suelo,Venta,Girona,243.0,2347137.0,19/07/2006,María
1920,1921,24/11/2005,Oficina,Venta,Girona,87.0,655893.0,09/03/2006,Jesús
1925,1926,25/11/2005,Suelo,Alquiler,Girona,103.0,557127.0,08/05/2006,Carmen
1926,1927,26/11/2005,Parking,Alquiler,Girona,46.0,187680.0,13/11/2006,Luisa
1928,1929,26/11/2005,Piso,Alquiler,Girona,96.0,854496.0,28/03/2006,Pedro
1931,1932,27/11/2005,Local,Venta,Girona,88.0,795696.0,24/05/2006,María
1936,1937,28/11/2005,Suelo,Venta,Girona,188.0,1265992.0,21/10/2006,Luisa
1938,1939,29/11/2005,Industrial,Alquiler,Girona,137.0,693631.0,21/07/2006,Carmen
1939,1940,30/11/2005,Industrial,Venta,Girona,102.0,941154.0,11/08/2006,Pedro
1941,1942,30/11/2005,Oficina,Alquiler,Girona,113.0,747947.0,09/06/2006,Pedro
1943,1944,01/12/2005,Local,Alquiler,Girona,210.0,1527120.0,17/06/2006,Jesús
1950,1951,05/12/2005,Industrial,Alquiler,Girona,162.0,753786.0,26/09/2006,Jesús
1952,1953,06/12/2005,Parking,Alquiler,Girona,250.0,2103000.0,13/09/2006,Jesús
1955,1956,07/12/2005,Industrial,Venta,Girona,202.0,1028382.0,07/05/2006,Pedro
1963,1964,13/12/2005,Piso,Venta,Girona,116.0,804344.0,29/04/2006,María
1970,1971,16/12/2005,Oficina,Alquiler,Girona,135.0,857925.0,25/06/2006,Joaquín
1972,1973,17/12/2005,Parking,Venta,Girona,67.0,490507.0,01/04/2006,María
1973,1974,17/12/2005,Parking,Alquiler,Girona,57.0,387828.0,25/03/2006,Luisa
1980,1981,20/12/2005,Local,Alquiler,Girona,49.0,425565.0,06/05/2006,Joaquín
1986,1987,21/12/2005,Parking,Alquiler,Girona,139.0,875978.0,04/05/2006,Jesús
1987,1988,22/12/2005,Industrial,Alquiler,Girona,210.0,1770930.0,20/04/2006,María
1992,1993,23/12/2005,Local,Venta,Girona,299.0,2110342.0,13/04/2006,Jesús
1993,1994,23/12/2005,Casa,Venta,Girona,86.0,651192.0,23/04/2006,Luisa
2005,2006,27/12/2005,Parking,Venta,Girona,272.0,1774528.0,21/06/2006,Jesús
2013,2014,30/12/2005,Oficina,Alquiler,Girona,227.0,2029607.0,20/10/2006,Carmen
2014,2015,30/12/2005,Parking,Venta,Girona,262.0,1407726.0,01/11/2006,María
2015,2016,31/12/2005,Casa,Alquiler,Girona,284.0,2815292.0,07/12/2006,Jesús
2022,2023,02/01/2006,Local,Venta,Girona,141.0,763233.0,26/12/2006,Luisa
2023,2024,02/01/2006,Casa,Alquiler,Girona,271.0,2471249.0,04/04/2006,Joaquín
2026,2027,03/01/2006,Industrial,Venta,Girona,41.0,368959.0,29/08/2006,Carmen
2031,2032,03/01/2006,Industrial,Venta,Girona,116.0,616192.0,21/05/2006,María
2032,2033,03/01/2006,Casa,Alquiler,Girona,155.0,1247750.0,11/09/2006,María
2033,2034,05/01/2006,Casa,Alquiler,Girona,163.0,761047.0,16/10/2006,Luisa
2042,2043,08/01/2006,Casa,Alquiler,Girona,280.0,2346400.0,07/05/2006,María
2045,2046,09/01/2006,Industrial,Alquiler,Girona,256.0,2331648.0,26/11/2006,Luisa
2051,2052,11/01/2006,Industrial,Alquiler,Girona,68.0,386036.0,14/10/2006,Jesús
2052,2053,11/01/2006,Oficina,Venta,Girona,185.0,1730675.0,07/10/2006,María
2055,2056,12/01/2006,Piso,Alquiler,Girona,289.0,2462280.0,05/01/2007,Jesús
2065,2066,14/01/2006,Local,Alquiler,Girona,165.0,1461570.0,17/10/2006,Carmen
2072,2073,15/01/2006,Casa,Venta,Girona,239.0,2030783.0,16/12/2006,María
2079,2080,18/01/2006,Suelo,Venta,Girona,234.0,2049606.0,21/04/2006,María
2080,2081,18/01/2006,Local,Venta,Girona,66.0,500610.0,15/05/2006,Luisa
2082,2083,19/01/2006,Piso,Venta,Girona,267.0,2245203.0,28/07/2006,María
2083,2084,19/01/2006,Parking,Alquiler,Girona,188.0,1422220.0,20/07/2006,María
2084,2085,19/01/2006,Industrial,Venta,Girona,296.0,2387832.0,28/06/2006,María
2085,2086,20/01/2006,Local,Alquiler,Girona,256.0,1428480.0,26/06/2006,Pedro
2091,2092,23/01/2006,Suelo,Venta,Girona,85.0,472685.0,01/09/2006,Pedro
2093,2094,23/01/2006,Casa,Alquiler,Girona,154.0,1427118.0,03/10/2006,Pedro
2097,2098,24/01/2006,Oficina,Alquiler,Girona,123.0,1133199.0,23/09/2006,Luisa
2118,2119,29/01/2006,Suelo,Alquiler,Girona,98.0,509600.0,10/11/2006,Pedro
2119,2120,30/01/2006,Oficina,Alquiler,Girona,75.0,378900.0,16/12/2006,Carmen
2121,2122,30/01/2006,Oficina,Alquiler,Girona,123.0,757434.0,23/08/2006,Pedro
2137,2138,04/02/2006,Parking,Venta,Girona,108.0,1041120.0,07/05/2006,Pedro
2153,2154,09/02/2006,Oficina,Venta,Girona,200.0,1539800.0,25/12/2006,Carmen
2154,2155,09/02/2006,Industrial,Alquiler,Girona,252.0,1949220.0,20/10/2006,Carmen
2165,2166,14/02/2006,Parking,Alquiler,Girona,131.0,1163542.0,18/01/2007,Luisa
2177,2178,17/02/2006,Industrial,Venta,Girona,271.0,2108109.0,24/12/2006,Pedro
2178,2179,17/02/2006,Oficina,Venta,Girona,127.0,928243.0,25/05/2006,María
2184,2185,18/02/2006,Local,Alquiler,Girona,88.0,770968.0,27/10/2006,Luisa
2187,2188,20/02/2006,Oficina,Venta,Girona,245.0,1660120.0,26/11/2006,Pedro
2188,2189,20/02/2006,Local,Venta,Girona,271.0,1647409.0,12/01/2007,Pedro
2199,2200,23/02/2006,Casa,Venta,Girona,272.0,1586032.0,23/01/2007,María
2205,2206,28/02/2006,Casa,Venta,Girona,121.0,1002122.0,13/07/2006,Pedro
2212,2213,02/03/2006,Suelo,Alquiler,Girona,97.0,493924.0,21/01/2007,Luisa
2213,2214,02/03/2006,Industrial,Venta,Girona,249.0,1882440.0,16/12/2006,Carmen
2215,2216,03/03/2006,Casa,Alquiler,Girona,125.0,657500.0,02/03/2007,Carmen
2220,2221,04/03/2006,Parking,Alquiler,Girona,269.0,1908286.0,29/01/2007,Jesús
2221,2222,04/03/2006,Industrial,Venta,Girona,201.0,1929198.0,16/08/2006,María
2222,2223,04/03/2006,Piso,Alquiler,Girona,99.0,927927.0,04/09/2006,María
2225,2226,05/03/2006,Oficina,Alquiler,Girona,177.0,980934.0,11/09/2006,Luisa
2226,2227,06/03/2006,Casa,Venta,Girona,131.0,732028.0,04/07/2006,Pedro
2229,2230,06/03/2006,Local,Alquiler,Girona,143.0,1205347.0,22/12/2006,María
2230,2231,07/03/2006,Industrial,Alquiler,Girona,223.0,1510825.0,19/06/2006,Luisa
2232,2233,07/03/2006,Suelo,Alquiler,Girona,162.0,1202850.0,30/11/2006,Pedro
2239,2240,09/03/2006,Casa,Venta,Girona,52.0,503828.0,26/09/2006,Jesús
2240,2241,11/03/2006,Suelo,Alquiler,Girona,258.0,1930614.0,07/07/2006,Joaquín
2243,2244,12/03/2006,Casa,Alquiler,Girona,150.0,1159650.0,22/09/2006,Joaquín
2245,2246,13/03/2006,Industrial,Alquiler,Girona,240.0,2175360.0,07/09/2006,Luisa
2248,2249,14/03/2006,Suelo,Venta,Girona,229.0,1243699.0,11/02/2007,María
2250,2251,15/03/2006,Casa,Alquiler,Girona,283.0,1219730.0,26/07/2006,Pedro
2256,2257,17/03/2006,Piso,Alquiler,Girona,196.0,1611708.0,08/01/2007,Jesús
2258,2259,19/03/2006,Oficina,Alquiler,Girona,286.0,1413698.0,15/03/2007,Carmen
2265,2266,21/03/2006,Oficina,Venta,Girona,290.0,2797050.0,02/10/2006,Luisa
2267,2268,21/03/2006,Parking,Alquiler,Girona,97.0,885998.0,31/01/2007,Carmen
2269,2270,23/03/2006,Oficina,Venta,Girona,202.0,823150.0,31/01/2007,Jesús
2270,2271,23/03/2006,Local,Alquiler,Girona,225.0,1501650.0,22/06/2006,Jesús
2276,2277,26/03/2006,Oficina,Venta,Girona,263.0,2034042.0,08/09/2006,Carmen
2282,2283,29/03/2006,Oficina,Alquiler,Girona,42.0,238014.0,04/09/2006,Pedro
2283,2284,29/03/2006,Local,Alquiler,Girona,70.0,433370.0,20/09/2006,María
2284,2285,30/03/2006,Piso,Venta,Girona,203.0,875336.0,28/08/2006,María
2287,2288,30/03/2006,Industrial,Venta,Girona,134.0,780148.0,23/08/2006,Joaquín
2290,2291,31/03/2006,Piso,Venta,Girona,283.0,1227937.0,31/12/2006,Joaquín
2298,2299,02/04/2006,Industrial,Alquiler,Girona,41.0,403727.0,26/12/2006,Jesús
2302,2303,03/04/2006,Industrial,Alquiler,Girona,79.0,595660.0,03/09/2006,Pedro
2309,2310,06/04/2006,Suelo,Venta,Girona,82.0,593352.0,25/11/2006,Joaquín
2310,2311,06/04/2006,Suelo,Alquiler,Girona,80.0,770800.0,02/11/2006,Pedro
2311,2312,07/04/2006,Parking,Alquiler,Girona,261.0,1189377.0,19/09/2006,Jesús
2312,2313,07/04/2006,Suelo,Alquiler,Girona,82.0,418610.0,03/03/2007,Joaquín
2315,2316,07/04/2006,Parking,Venta,Girona,181.0,1789185.0,27/01/2007,Carmen
2323,2324,10/04/2006,Piso,Venta,Girona,182.0,1400308.0,07/01/2007,Joaquín
2325,2326,10/04/2006,Casa,Venta,Girona,89.0,729444.0,27/12/2006,Luisa
2334,2335,14/04/2006,Oficina,Venta,Girona,265.0,1944570.0,27/09/2006,Luisa
2337,2338,15/04/2006,Industrial,Alquiler,Girona,154.0,960960.0,23/03/2007,Jesús
2340,2341,17/04/2006,Piso,Venta,Girona,220.0,1282820.0,25/11/2006,Carmen
2343,2344,20/04/2006,Oficina,Alquiler,Girona,120.0,1085160.0,14/08/2006,Luisa
2346,2347,21/04/2006,Oficina,Venta,Girona,205.0,886215.0,05/12/2006,Carmen
2348,2349,22/04/2006,Casa,Venta,Girona,107.0,668322.0,13/04/2007,María
2355,2356,23/04/2006,Parking,Venta,Girona,199.0,1777866.0,23/12/2006,Jesús
2356,2357,23/04/2006,Industrial,Alquiler,Girona,75.0,622200.0,26/11/2006,María
2357,2358,23/04/2006,Suelo,Venta,Girona,287.0,1567020.0,17/08/2006,Carmen
2358,2359,25/04/2006,Suelo,Alquiler,Girona,193.0,1363352.0,02/04/2007,Carmen
2363,2364,28/04/2006,Parking,Alquiler,Girona,70.0,533680.0,09/01/2007,María
2371,2372,30/04/2006,Local,Alquiler,Girona,220.0,1548800.0,04/10/2006,María
2374,2375,01/05/2006,Local,Venta,Girona,138.0,686826.0,30/04/2007,María
2376,2377,01/05/2006,Parking,Alquiler,Girona,123.0,984369.0,23/03/2007,Pedro
2380,2381,02/05/2006,Parking,Venta,Girona,205.0,1921260.0,17/12/2006,María
2382,2383,03/05/2006,Industrial,Alquiler,Girona,250.0,1002500.0,16/01/2007,Carmen
2383,2384,03/05/2006,Casa,Venta,Girona,91.0,680043.0,03/02/2007,Pedro
2386,2387,04/05/2006,Casa,Venta,Girona,294.0,1784580.0,28/01/2007,Luisa
2388,2389,05/05/2006,Local,Alquiler,Girona,250.0,2281250.0,08/03/2007,Luisa
2393,2394,09/05/2006,Industrial,Venta,Girona,171.0,708795.0,07/04/2007,Carmen
2400,2401,13/05/2006,Local,Venta,Girona,216.0,2144448.0,26/01/2007,María
2403,2404,13/05/2006,Oficina,Venta,Girona,221.0,1356498.0,10/10/2006,Luisa
2411,2412,16/05/2006,Local,Alquiler,Girona,277.0,1802993.0,01/03/2007,Joaquín
2414,2415,16/05/2006,Oficina,Venta,Girona,295.0,2200405.0,24/03/2007,María
2415,2416,16/05/2006,Suelo,Venta,Girona,179.0,832529.0,29/09/2006,Jesús
2416,2417,17/05/2006,Local,Venta,Girona,184.0,1113016.0,15/01/2007,María
2417,2418,18/05/2006,Industrial,Alquiler,Girona,167.0,853370.0,22/09/2006,María
2422,2423,20/05/2006,Oficina,Alquiler,Girona,156.0,1294176.0,05/10/2006,Carmen
2425,2426,20/05/2006,Suelo,Venta,Girona,247.0,2320565.0,01/05/2007,Jesús
2428,2429,21/05/2006,Casa,Venta,Girona,273.0,2682225.0,,
2429,2430,21/05/2006,Casa,Venta,Girona,245.0,2037420.0,04/04/2007,Pedro
2432,2433,22/05/2006,Piso,Venta,Girona,203.0,1315846.0,27/02/2007,Carmen
2435,2436,25/05/2006,Suelo,Venta,Girona,61.0,380274.0,,
2439,2440,26/05/2006,Industrial,Alquiler,Girona,278.0,2336590.0,26/12/2006,Luisa
2442,2443,27/05/2006,Piso,Alquiler,Girona,233.0,1682260.0,,
2445,2446,28/05/2006,Piso,Alquiler,Girona,253.0,1162788.0,22/01/2007,Luisa
2446,2447,28/05/2006,Piso,Venta,Girona,106.0,922200.0,16/03/2007,Pedro
2449,2450,29/05/2006,Parking,Venta,Girona,202.0,1524898.0,28/12/2006,Carmen
2460,2461,02/06/2006,Parking,Alquiler,Girona,189.0,1342278.0,16/12/2006,Carmen
2462,2463,03/06/2006,Piso,Venta,Girona,110.0,1026300.0,08/02/2007,Luisa
2469,2470,04/06/2006,Parking,Venta,Girona,129.0,616878.0,21/11/2006,María
2477,2478,06/06/2006,Suelo,Venta,Girona,294.0,2353176.0,26/10/2006,Pedro
2482,2483,07/06/2006,Industrial,Alquiler,Girona,169.0,1447316.0,,
2485,2486,08/06/2006,Casa,Venta,Girona,115.0,1147585.0,13/11/2006,Joaquín
2486,2487,08/06/2006,Suelo,Alquiler,Girona,71.0,378359.0,11/01/2007,Pedro
2490,2491,10/06/2006,Local,Venta,Girona,160.0,1368480.0,07/01/2007,Joaquín
2491,2492,10/06/2006,Local,Venta,Girona,90.0,872280.0,17/04/2007,Joaquín
2493,2494,11/06/2006,Casa,Venta,Girona,77.0,745822.0,21/12/2006,Jesús
2494,2495,11/06/2006,Piso,Venta,Girona,98.0,918652.0,,
2500,2501,11/06/2006,Casa,Alquiler,Girona,231.0,2069529.0,24/12/2006,Jesús
2502,2503,13/06/2006,Parking,Venta,Girona,282.0,2717634.0,30/11/2006,Pedro
2505,2506,15/06/2006,Local,Alquiler,Girona,161.0,1027180.0,17/10/2006,María
2507,2508,15/06/2006,Suelo,Venta,Girona,204.0,1267452.0,,
2516,2517,18/06/2006,Local,Alquiler,Girona,297.0,2162160.0,28/12/2006,Jesús
2519,2520,21/06/2006,Oficina,Venta,Girona,277.0,2250348.0,21/04/2007,Jesús
2521,2522,21/06/2006,Local,Alquiler,Girona,97.0,620218.0,02/02/2007,Jesús
2533,2534,25/06/2006,Oficina,Venta,Girona,246.0,1087812.0,24/10/2006,Jesús
2535,2536,27/06/2006,Piso,Venta,Girona,214.0,1988702.0,,
2536,2537,28/06/2006,Piso,Alquiler,Girona,71.0,320281.0,07/03/2007,Jesús
2538,2539,30/06/2006,Piso,Alquiler,Girona,68.0,396780.0,10/02/2007,Carmen
2539,2540,30/06/2006,Suelo,Alquiler,Girona,126.0,536634.0,,
2541,2542,30/06/2006,Oficina,Venta,Girona,291.0,2849763.0,28/04/2007,Joaquín
2542,2543,30/06/2006,Industrial,Venta,Girona,46.0,373106.0,,
2544,2545,01/07/2006,Industrial,Venta,Girona,212.0,1691124.0,19/10/2006,María
2545,2546,01/07/2006,Parking,Alquiler,Girona,89.0,594698.0,25/03/2007,Jesús
2547,2548,02/07/2006,Industrial,Venta,Girona,195.0,1576380.0,24/04/2007,Luisa
2552,2553,04/07/2006,Industrial,Alquiler,Girona,74.0,304288.0,07/05/2007,Luisa
2558,2559,06/07/2006,Local,Alquiler,Girona,76.0,546440.0,10/04/2007,Luisa
2559,2560,07/07/2006,Piso,Venta,Girona,136.0,580856.0,,
2560,2561,07/07/2006,Piso,Alquiler,Girona,58.0,350610.0,09/03/2007,María
2561,2562,07/07/2006,Industrial,Venta,Girona,144.0,598320.0,,
2563,2564,08/07/2006,Local,Venta,Girona,103.0,766320.0,24/04/2007,Jesús
2568,2569,10/07/2006,Local,Alquiler,Girona,50.0,390400.0,15/01/2007,Carmen
2578,2579,16/07/2006,Parking,Alquiler,Girona,274.0,2189534.0,17/11/2006,Luisa
2580,2581,16/07/2006,Oficina,Venta,Girona,130.0,1061710.0,11/03/2007,Pedro
2581,2582,16/07/2006,Casa,Venta,Girona,101.0,889608.0,13/01/2007,María
2584,2585,17/07/2006,Piso,Alquiler,Girona,244.0,1315648.0,01/03/2007,María
2591,2592,19/07/2006,Parking,Venta,Girona,150.0,1076250.0,05/11/2006,Carmen
2592,2593,19/07/2006,Parking,Alquiler,Girona,147.0,891849.0,,
2594,2595,20/07/2006,Oficina,Alquiler,Girona,170.0,1039380.0,25/11/2006,Joaquín
2596,2597,21/07/2006,Suelo,Venta,Girona,68.0,489600.0,17/03/2007,Jesús
2600,2601,22/07/2006,Parking,Venta,Girona,200.0,1021000.0,20/11/2006,Joaquín
2602,2603,23/07/2006,Parking,Venta,Girona,98.0,497546.0,24/12/2006,Luisa
2608,2609,26/07/2006,Parking,Alquiler,Girona,123.0,714999.0,,
2611,2612,27/07/2006,Oficina,Venta,Girona,65.0,598195.0,30/10/2006,Joaquín
2625,2626,01/08/2006,Suelo,Venta,Girona,97.0,515555.0,,
2626,2627,02/08/2006,Suelo,Venta,Girona,259.0,1202537.0,16/04/2007,María
2633,2634,06/08/2006,Suelo,Venta,Girona,234.0,1994382.0,04/03/2007,María
2636,2637,07/08/2006,Parking,Venta,Girona,249.0,1422537.0,02/04/2007,Luisa
2637,2638,08/08/2006,Oficina,Alquiler,Girona,97.0,696169.0,,
2638,2639,08/08/2006,Parking,Venta,Girona,211.0,1456322.0,23/11/2006,Carmen
2640,2641,08/08/2006,Oficina,Venta,Girona,133.0,1053227.0,30/01/2007,Jesús
2648,2649,11/08/2006,Casa,Venta,Girona,112.0,1093456.0,24/01/2007,Pedro
2653,2654,13/08/2006,Piso,Alquiler,Girona,297.0,2909412.0,,
2660,2661,16/08/2006,Oficina,Venta,Girona,81.0,557604.0,17/12/2006,Carmen
2662,2663,17/08/2006,Suelo,Alquiler,Girona,116.0,1041448.0,,
2664,2665,21/08/2006,Industrial,Alquiler,Girona,71.0,336043.0,05/03/2007,Luisa
2668,2669,22/08/2006,Industrial,Venta,Girona,165.0,889350.0,11/01/2007,Carmen
2675,2676,23/08/2006,Piso,Venta,Girona,294.0,2574558.0,,
2678,2679,25/08/2006,Piso,Alquiler,Girona,58.0,326598.0,23/03/2007,María
2684,2685,27/08/2006,Piso,Alquiler,Girona,76.0,498560.0,28/01/2007,Pedro
2687,2688,28/08/2006,Parking,Venta,Girona,220.0,1230240.0,,
2688,2689,28/08/2006,Piso,Venta,Girona,263.0,2173169.0,20/01/2007,María
2690,2691,29/08/2006,Parking,Alquiler,Girona,44.0,380072.0,14/12/2006,Joaquín
2694,2695,30/08/2006,Suelo,Venta,Girona,186.0,1695948.0,23/03/2007,Pedro
2699,2700,02/09/2006,Piso,Venta,Girona,179.0,1025491.0,,
2700,2701,03/09/2006,Suelo,Venta,Girona,203.0,1191610.0,24/12/2006,María
2707,2708,05/09/2006,Local,Alquiler,Girona,242.0,2326346.0,,
2708,2709,06/09/2006,Casa,Alquiler,Girona,291.0,1643568.0,,
2709,2710,06/09/2006,Piso,Alquiler,Girona,274.0,2445724.0,20/12/2006,Luisa
2710,2711,07/09/2006,Parking,Venta,Girona,286.0,2153580.0,,
2712,2713,07/09/2006,Oficina,Venta,Girona,239.0,1994933.0,09/04/2007,Carmen
2713,2714,07/09/2006,Industrial,Alquiler,Girona,53.0,478431.0,28/01/2007,Carmen
2733,2734,15/09/2006,Local,Venta,Girona,197.0,1967242.0,28/12/2006,Pedro
2751,2752,22/09/2006,Local,Venta,Girona,257.0,2242839.0,,
2754,2755,23/09/2006,Oficina,Alquiler,Girona,134.0,1088616.0,11/03/2007,María
2755,2756,23/09/2006,Oficina,Venta,Girona,261.0,1475172.0,,
2765,2766,28/09/2006,Suelo,Alquiler,Girona,194.0,1519214.0,,
2768,2769,30/09/2006,Casa,Venta,Girona,142.0,1194078.0,30/03/2007,Joaquín
2769,2770,30/09/2006,Piso,Venta,Girona,244.0,2291404.0,23/04/2007,María
2770,2771,02/10/2006,Industrial,Venta,Girona,77.0,496881.0,01/02/2007,Luisa
2771,2772,02/10/2006,Local,Alquiler,Girona,72.0,372672.0,04/05/2007,María
2773,2774,02/10/2006,Suelo,Alquiler,Girona,271.0,1780199.0,20/03/2007,Carmen
2775,2776,04/10/2006,Piso,Venta,Girona,290.0,2381770.0,11/03/2007,María
2778,2779,04/10/2006,Casa,Venta,Girona,295.0,1658785.0,,
2779,2780,05/10/2006,Industrial,Venta,Girona,157.0,1242498.0,26/03/2007,Luisa
2784,2785,07/10/2006,Suelo,Venta,Girona,51.0,288966.0,,
2788,2789,08/10/2006,Suelo,Alquiler,Girona,136.0,777240.0,04/04/2007,Carmen
2789,2790,08/10/2006,Industrial,Venta,Girona,212.0,1565620.0,04/04/2007,María
2792,2793,09/10/2006,Casa,Venta,Girona,250.0,1370500.0,,
2793,2794,09/10/2006,Casa,Venta,Girona,57.0,360582.0,,
2804,2805,13/10/2006,Local,Venta,Girona,271.0,1923558.0,17/04/2007,Luisa
2808,2809,15/10/2006,Parking,Venta,Girona,206.0,1659742.0,08/03/2007,Jesús
2814,2815,17/10/2006,Local,Venta,Girona,181.0,1405465.0,,
2823,2824,22/10/2006,Parking,Venta,Girona,196.0,1210496.0,,
2828,2829,23/10/2006,Local,Alquiler,Girona,273.0,1766310.0,,
2831,2832,24/10/2006,Oficina,Alquiler,Girona,224.0,1126944.0,07/04/2007,Joaquín
2836,2837,26/10/2006,Industrial,Venta,Girona,50.0,466850.0,,
2837,2838,26/10/2006,Industrial,Alquiler,Girona,41.0,379291.0,26/04/2007,María
2841,2842,29/10/2006,Casa,Alquiler,Girona,125.0,1041625.0,04/05/2007,Pedro
2843,2844,29/10/2006,Suelo,Alquiler,Girona,73.0,660577.0,25/03/2007,Carmen
2844,2845,29/10/2006,Industrial,Venta,Girona,247.0,1843361.0,30/01/2007,Pedro
2848,2849,31/10/2006,Piso,Alquiler,Girona,285.0,1940565.0,,
2850,2851,31/10/2006,Oficina,Venta,Girona,294.0,2267622.0,,
2853,2854,02/11/2006,Casa,Venta,Girona,190.0,1105230.0,,
2855,2856,02/11/2006,Casa,Venta,Girona,141.0,821889.0,,
2861,2862,03/11/2006,Parking,Alquiler,Girona,275.0,1623600.0,28/04/2007,Pedro
2862,2863,03/11/2006,Industrial,Venta,Girona,67.0,637103.0,26/04/2007,Pedro
2864,2865,04/11/2006,Local,Alquiler,Girona,197.0,1704050.0,,
2873,2874,07/11/2006,Oficina,Venta,Girona,67.0,342705.0,,
2874,2875,07/11/2006,Local,Alquiler,Girona,166.0,1607710.0,,
2875,2876,07/11/2006,Casa,Venta,Girona,129.0,722013.0,18/03/2007,Carmen
2877,2878,08/11/2006,Parking,Venta,Girona,124.0,950832.0,,
2880,2881,09/11/2006,Local,Venta,Girona,127.0,815467.0,25/04/2007,Pedro
2885,2886,10/11/2006,Suelo,Alquiler,Girona,201.0,850029.0,22/04/2007,María
2886,2887,10/11/2006,Local,Alquiler,Girona,61.0,265289.0,17/02/2007,Carmen
2896,2897,16/11/2006,Piso,Alquiler,Girona,258.0,1058832.0,,
2898,2899,17/11/2006,Industrial,Venta,Girona,105.0,1045905.0,24/04/2007,Joaquín
2899,2900,18/11/2006,Suelo,Venta,Girona,51.0,344811.0,,
2901,2902,19/11/2006,Parking,Venta,Girona,135.0,563760.0,13/03/2007,Pedro
2903,2904,20/11/2006,Industrial,Alquiler,Girona,149.0,1454836.0,,
2919,2920,27/11/2006,Oficina,Alquiler,Girona,99.0,831204.0,,
2920,2921,27/11/2006,Casa,Alquiler,Girona,77.0,360822.0,,
2929,2930,29/11/2006,Parking,Venta,Girona,82.0,643290.0,,
2932,2933,30/11/2006,Parking,Venta,Girona,44.0,353628.0,,
2936,2937,01/12/2006,Piso,Venta,Girona,100.0,905600.0,07/05/2007,Joaquín
2943,2944,04/12/2006,Industrial,Alquiler,Girona,114.0,1130424.0,,
2944,2945,05/12/2006,Casa,Alquiler,Girona,151.0,693543.0,,
2947,2948,06/12/2006,Casa,Alquiler,Girona,138.0,1186524.0,24/04/2007,Joaquín
2952,2953,07/12/2006,Casa,Alquiler,Girona,251.0,1528088.0,,
2955,2956,08/12/2006,Industrial,Alquiler,Girona,59.0,432411.0,,
2957,2958,09/12/2006,Suelo,Alquiler,Girona,193.0,1059956.0,10/03/2007,María
2959,2960,10/12/2006,Industrial,Venta,Girona,117.0,575640.0,,
2968,2969,13/12/2006,Industrial,Venta,Girona,109.0,703159.0,,
2973,2974,15/12/2006,Piso,Venta,Girona,200.0,1559800.0,23/04/2007,Joaquín
2978,2979,16/12/2006,Suelo,Alquiler,Girona,152.0,1147144.0,,
2982,2983,18/12/2006,Industrial,Alquiler,Girona,85.0,670310.0,,
2988,2989,20/12/2006,Local,Venta,Girona,255.0,1079670.0,,
2997,2998,24/12/2006,Piso,Alquiler,Girona,129.0,789738.0,,
3001,3002,25/12/2006,Casa,Alquiler,Girona,226.0,2041006.0,,
3002,3003,25/12/2006,Industrial,Alquiler,Girona,80.0,709760.0,02/05/2007,Jesús
3003,3004,26/12/2006,Casa,Alquiler,Girona,211.0,2086368.0,,
3004,3005,26/12/2006,Casa,Alquiler,Girona,80.0,651360.0,,
3005,3006,26/12/2006,Suelo,Alquiler,Girona,219.0,913449.0,,
3006,3007,26/12/2006,Casa,Alquiler,Girona,297.0,2673000.0,,
3007,3008,27/12/2006,Piso,Alquiler,Girona,287.0,1882433.0,,
3009,3010,28/12/2006,Suelo,Alquiler,Girona,292.0,1751124.0,,
3019,3020,31/12/2006,Parking,Venta,Girona,146.0,1399264.0,,
3020,3021,01/01/2007,Industrial,Alquiler,Girona,199.0,1321161.0,,
3027,3028,06/01/2007,Parking,Venta,Girona,247.0,2398617.0,,
3029,3030,07/01/2007,Suelo,Alquiler,Girona,98.0,429730.0,,
3032,3033,08/01/2007,Industrial,Venta,Girona,119.0,571676.0,,
3048,3049,10/01/2007,Suelo,Venta,Girona,57.0,269724.0,,
3051,3052,11/01/2007,Local,Venta,Girona,272.0,1965472.0,,
3052,3053,12/01/2007,Piso,Venta,Girona,164.0,1425488.0,,
3060,3061,14/01/2007,Piso,Alquiler,Girona,228.0,932292.0,,
3065,3066,15/01/2007,Piso,Alquiler,Girona,107.0,968243.0,,
3069,3070,18/01/2007,Parking,Venta,Girona,243.0,1857735.0,,
3071,3072,18/01/2007,Suelo,Alquiler,Girona,253.0,2291421.0,,
3074,3075,20/01/2007,Industrial,Venta,Girona,56.0,485240.0,,
3078,3079,21/01/2007,Local,Alquiler,Girona,149.0,1047917.0,,
3079,3080,21/01/2007,Local,Alquiler,Girona,79.0,393736.0,,
3082,3083,22/01/2007,Piso,Venta,Girona,232.0,1511944.0,,
3083,3084,23/01/2007,Industrial,Alquiler,Girona,137.0,569098.0,,
3088,3089,23/01/2007,Industrial,Venta,Girona,164.0,1494204.0,,
3094,3095,27/01/2007,Local,Alquiler,Girona,50.0,302100.0,,
3105,3106,01/02/2007,Industrial,Alquiler,Girona,260.0,1636700.0,,
3106,3107,01/02/2007,Suelo,Alquiler,Girona,117.0,997776.0,,
3107,3108,01/02/2007,Local,Alquiler,Girona,229.0,1065995.0,,
3109,3110,02/02/2007,Parking,Alquiler,Girona,46.0,301346.0,,
3116,3117,04/02/2007,Suelo,Venta,Girona,160.0,1431040.0,,
3123,3124,09/02/2007,Parking,Alquiler,Girona,252.0,2154096.0,,
3128,3129,11/02/2007,Industrial,Alquiler,Girona,244.0,1050664.0,,
3136,3137,13/02/2007,Suelo,Alquiler,Girona,66.0,268488.0,,
3139,3140,15/02/2007,Industrial,Alquiler,Girona,138.0,1248072.0,,
3140,3141,16/02/2007,Industrial,Alquiler,Girona,298.0,1708434.0,,
3142,3143,17/02/2007,Piso,Venta,Girona,241.0,979183.0,,
3143,3144,17/02/2007,Industrial,Alquiler,Girona,288.0,1978848.0,,
3144,3145,17/02/2007,Oficina,Venta,Girona,234.0,1789866.0,,
3145,3146,18/02/2007,Oficina,Alquiler,Girona,174.0,1568610.0,,
3146,3147,18/02/2007,Industrial,Venta,Girona,177.0,1325730.0,,
3148,3149,18/02/2007,Piso,Venta,Girona,81.0,324648.0,,
3150,3151,19/02/2007,Oficina,Alquiler,Girona,43.0,293303.0,,
3152,3153,19/02/2007,Casa,Venta,Girona,115.0,1040635.0,,
3162,3163,23/02/2007,Local,Alquiler,Girona,234.0,973206.0,,
3170,3171,26/02/2007,Oficina,Venta,Girona,89.0,684588.0,,
3171,3172,26/02/2007,Casa,Venta,Girona,163.0,1478573.0,,
3173,3174,27/02/2007,Piso,Alquiler,Girona,64.0,520384.0,,
3175,3176,27/02/2007,Local,Alquiler,Girona,99.0,825759.0,,
3176,3177,28/02/2007,Piso,Venta,Girona,128.0,801408.0,,
3179,3180,01/03/2007,Piso,Venta,Girona,174.0,1615068.0,,
3180,3181,03/03/2007,Piso,Alquiler,Girona,127.0,957453.0,,
3186,3187,04/03/2007,Piso,Alquiler,Girona,161.0,1420020.0,,
3192,3193,07/03/2007,Industrial,Venta,Girona,282.0,2019120.0,,
3195,3196,07/03/2007,Casa,Alquiler,Girona,221.0,2075632.0,,
3197,3198,08/03/2007,Piso,Alquiler,Girona,212.0,1684340.0,,
3200,3201,09/03/2007,Parking,Alquiler,Girona,93.0,849462.0,,
3204,3205,10/03/2007,Suelo,Venta,Girona,121.0,870837.0,,
3210,3211,12/03/2007,Local,Alquiler,Girona,82.0,601306.0,,
3216,3217,14/03/2007,Industrial,Venta,Girona,161.0,1020257.0,,
3221,3222,16/03/2007,Parking,Venta,Girona,138.0,1034034.0,,
3233,3234,19/03/2007,Industrial,Alquiler,Girona,99.0,763983.0,,
3235,3236,20/03/2007,Casa,Alquiler,Girona,292.0,2765240.0,,
3242,3243,22/03/2007,Suelo,Venta,Girona,135.0,1096470.0,,
3250,3251,24/03/2007,Parking,Venta,Girona,60.0,366780.0,,
3252,3253,24/03/2007,Casa,Venta,Girona,172.0,1389072.0,,
3253,3254,25/03/2007,Casa,Alquiler,Girona,79.0,495093.0,,
3254,3255,26/03/2007,Oficina,Venta,Girona,221.0,1194726.0,,
3255,3256,26/03/2007,Piso,Alquiler,Girona,266.0,2010960.0,,
3256,3257,26/03/2007,Suelo,Alquiler,Girona,128.0,912256.0,,
3264,3265,30/03/2007,Parking,Venta,Girona,51.0,393057.0,,
3272,3273,02/04/2007,Local,Alquiler,Girona,112.0,739872.0,,
3275,3276,03/04/2007,Oficina,Venta,Girona,71.0,591004.0,,
3280,3281,06/04/2007,Casa,Alquiler,Girona,276.0,2336340.0,,
3282,3283,07/04/2007,Oficina,Venta,Girona,279.0,2384334.0,,
3292,3293,10/04/2007,Local,Alquiler,Girona,151.0,1028159.0,,
3293,3294,10/04/2007,Piso,Alquiler,Girona,128.0,818176.0,,
3294,3295,11/04/2007,Parking,Venta,Girona,123.0,1088181.0,,
3298,3299,12/04/2007,Parking,Alquiler,Girona,131.0,1224850.0,,
3299,3300,12/04/2007,Local,Alquiler,Girona,156.0,881868.0,,
3303,3304,12/04/2007,Piso,Venta,Girona,128.0,1270400.0,,
3306,3307,14/04/2007,Parking,Venta,Girona,221.0,1533077.0,,
3316,3317,20/04/2007,Casa,Venta,Girona,247.0,1804088.0,,
3330,3331,27/04/2007,Local,Venta,Girona,110.0,845790.0,,
3333,3334,29/04/2007,Piso,Alquiler,Girona,55.0,454080.0,,
